Date_Time,Temp,Intensity
7/11/2020 13:45,32.34,22
7/11/2020 14:00,34.19,56
7/11/2020 14:15,34.02,52
7/11/2020 14:30,33.63,79
7/11/2020 14:45,32.52,39
7/11/2020 15:00,21.15,2
7/11/2020 15:15,17.37,7
7/11/2020 15:30,17.16,8
7/11/2020 15:45,17.07,7
7/11/2020 16:00,17.07,6
7/11/2020 16:15,17.11,3
7/11/2020 16:30,17.07,0
7/11/2020 16:45,17.07,0
7/11/2020 17:00,17.07,0
7/11/2020 17:15,17.03,0
7/11/2020 17:30,17.07,0
7/11/2020 17:45,16.99,0
7/11/2020 18:00,16.99,0
7/11/2020 18:15,17.03,0
7/11/2020 18:30,17.07,0
7/11/2020 18:45,17.07,0
7/11/2020 19:00,17.07,0
7/11/2020 19:15,17.03,0
7/11/2020 19:30,17.03,0
7/11/2020 19:45,16.99,0
7/11/2020 20:00,16.99,0
7/11/2020 20:15,17.03,0
7/11/2020 20:30,17.03,0
7/11/2020 20:45,17.03,0
7/11/2020 21:00,17.03,0
7/11/2020 21:15,17.03,0
7/11/2020 21:30,17.07,0
7/11/2020 21:45,17.07,0
7/11/2020 22:00,17.07,0
7/11/2020 22:15,17.07,0
7/11/2020 22:30,17.16,0
7/11/2020 22:45,17.11,0
7/11/2020 23:00,17.11,0
7/11/2020 23:15,17.11,0
7/11/2020 23:30,17.16,0
7/11/2020 23:45,17.11,0
7/12/2020 0:00,17.11,0
7/12/2020 0:15,17.16,0
7/12/2020 0:30,17.16,0
7/12/2020 0:45,17.16,0
7/12/2020 1:00,17.11,0
7/12/2020 1:15,17.16,0
7/12/2020 1:30,17.16,0
7/12/2020 1:45,17.11,0
7/12/2020 2:00,17.16,0
7/12/2020 2:15,17.11,0
7/12/2020 2:30,17.16,0
7/12/2020 2:45,17.16,0
7/12/2020 3:00,17.07,0
7/12/2020 3:15,17.07,0
7/12/2020 3:30,17.03,0
7/12/2020 3:45,17.03,0
7/12/2020 4:00,16.9,0
7/12/2020 4:15,16.9,0
7/12/2020 4:30,16.77,0
7/12/2020 4:45,16.77,0
7/12/2020 5:00,16.64,0
7/12/2020 5:15,16.6,0
7/12/2020 5:30,16.51,0
7/12/2020 5:45,16.43,0
7/12/2020 6:00,16.3,0
7/12/2020 6:15,16.26,0
7/12/2020 6:30,16.17,0
7/12/2020 6:45,16.13,0
7/12/2020 7:00,16.04,0
7/12/2020 7:15,15.96,0
7/12/2020 7:30,15.87,0
7/12/2020 7:45,15.83,0
7/12/2020 8:00,15.83,0
7/12/2020 8:15,15.78,0
7/12/2020 8:30,15.74,0
7/12/2020 8:45,15.7,0
7/12/2020 9:00,15.7,0
7/12/2020 9:15,15.66,0
7/12/2020 9:30,15.61,0
7/12/2020 9:45,15.66,0
7/12/2020 10:00,15.61,0
7/12/2020 10:15,15.61,0
7/12/2020 10:30,15.66,0
7/12/2020 10:45,15.61,0
7/12/2020 11:00,15.61,1
7/12/2020 11:15,15.61,3
7/12/2020 11:30,15.66,3
7/12/2020 11:45,15.66,9
7/12/2020 12:00,15.74,6
7/12/2020 12:15,15.7,2
7/12/2020 12:30,15.74,0
7/12/2020 12:45,15.83,1
7/12/2020 13:00,15.91,1
7/12/2020 13:15,15.96,1
7/12/2020 13:30,16.04,1
7/12/2020 13:45,16.13,1
7/12/2020 14:00,16.26,1
7/12/2020 14:15,16.3,1
7/12/2020 14:30,16.34,1
7/12/2020 14:45,16.43,2
7/12/2020 15:00,16.51,6
7/12/2020 15:15,16.51,8
7/12/2020 15:30,16.56,9
7/12/2020 15:45,16.64,9
7/12/2020 16:00,16.69,12
7/12/2020 16:15,16.69,6
7/12/2020 16:30,16.64,1
7/12/2020 16:45,16.64,0
7/12/2020 17:00,16.64,0
7/12/2020 17:15,16.6,0
7/12/2020 17:30,16.6,0
7/12/2020 17:45,16.6,0
7/12/2020 18:00,16.56,0
7/12/2020 18:15,16.56,0
7/12/2020 18:30,16.56,0
7/12/2020 18:45,16.56,0
7/12/2020 19:00,16.6,0
7/12/2020 19:15,16.6,0
7/12/2020 19:30,16.6,0
7/12/2020 19:45,16.56,0
7/12/2020 20:00,16.6,0
7/12/2020 20:15,16.56,0
7/12/2020 20:30,16.56,0
7/12/2020 20:45,16.64,0
7/12/2020 21:00,16.64,0
7/12/2020 21:15,16.69,0
7/12/2020 21:30,16.6,0
7/12/2020 21:45,16.64,0
7/12/2020 22:00,16.69,0
7/12/2020 22:15,16.64,0
7/12/2020 22:30,16.64,0
7/12/2020 22:45,16.73,0
7/12/2020 23:00,16.69,0
7/12/2020 23:15,16.69,0
7/12/2020 23:30,16.73,0
7/12/2020 23:45,16.73,0
7/13/2020 0:00,16.77,0
7/13/2020 0:15,16.86,0
7/13/2020 0:30,16.77,0
7/13/2020 0:45,16.77,0
7/13/2020 1:00,16.81,0
7/13/2020 1:15,16.77,0
7/13/2020 1:30,16.77,0
7/13/2020 1:45,16.77,0
7/13/2020 2:00,16.86,0
7/13/2020 2:15,16.9,0
7/13/2020 2:30,16.86,0
7/13/2020 2:45,16.86,0
7/13/2020 3:00,16.86,0
7/13/2020 3:15,16.9,0
7/13/2020 3:30,16.9,0
7/13/2020 3:45,16.86,0
7/13/2020 4:00,16.86,0
7/13/2020 4:15,16.86,0
7/13/2020 4:30,16.9,0
7/13/2020 4:45,16.86,0
7/13/2020 5:00,16.9,0
7/13/2020 5:15,16.86,0
7/13/2020 5:30,16.9,0
7/13/2020 5:45,16.86,0
7/13/2020 6:00,16.9,0
7/13/2020 6:15,16.81,0
7/13/2020 6:30,16.86,0
7/13/2020 6:45,16.81,0
7/13/2020 7:00,16.81,0
7/13/2020 7:15,16.81,0
7/13/2020 7:30,16.77,0
7/13/2020 7:45,16.69,0
7/13/2020 8:00,16.73,0
7/13/2020 8:15,16.73,0
7/13/2020 8:30,16.69,0
7/13/2020 8:45,16.64,0
7/13/2020 9:00,16.64,0
7/13/2020 9:15,16.64,0
7/13/2020 9:30,16.6,0
7/13/2020 9:45,16.6,0
7/13/2020 10:00,16.6,0
7/13/2020 10:15,16.6,0
7/13/2020 10:30,16.64,0
7/13/2020 10:45,16.56,0
7/13/2020 11:00,16.56,0
7/13/2020 11:15,16.64,3
7/13/2020 11:30,16.64,3
7/13/2020 11:45,16.64,10
7/13/2020 12:00,16.69,7
7/13/2020 12:15,16.73,2
7/13/2020 12:30,16.73,1
7/13/2020 12:45,16.81,1
7/13/2020 13:00,16.81,1
7/13/2020 13:15,16.94,1
7/13/2020 13:30,16.94,1
7/13/2020 13:45,17.03,1
7/13/2020 14:00,17.03,1
7/13/2020 14:15,17.16,1
7/13/2020 14:30,17.2,2
7/13/2020 14:45,17.24,2
7/13/2020 15:00,17.29,5
7/13/2020 15:15,17.29,7
7/13/2020 15:30,17.37,7
7/13/2020 15:45,17.37,7
7/13/2020 16:00,17.46,8
7/13/2020 16:15,17.41,4
7/13/2020 16:30,17.41,1
7/13/2020 16:45,17.37,0
7/13/2020 17:00,17.33,0
7/13/2020 17:15,17.37,0
7/13/2020 17:30,17.33,0
7/13/2020 17:45,17.37,0
7/13/2020 18:00,17.41,0
7/13/2020 18:15,17.33,0
7/13/2020 18:30,17.37,0
7/13/2020 18:45,17.37,0
7/13/2020 19:00,17.33,0
7/13/2020 19:15,17.41,0
7/13/2020 19:30,17.37,0
7/13/2020 19:45,17.37,0
7/13/2020 20:00,17.37,0
7/13/2020 20:15,17.41,0
7/13/2020 20:30,17.41,0
7/13/2020 20:45,17.41,0
7/13/2020 21:00,17.46,0
7/13/2020 21:15,17.41,0
7/13/2020 21:30,17.41,0
7/13/2020 21:45,17.5,0
7/13/2020 22:00,17.46,0
7/13/2020 22:15,17.46,0
7/13/2020 22:30,17.46,0
7/13/2020 22:45,17.5,0
7/13/2020 23:00,17.5,0
7/13/2020 23:15,17.46,0
7/13/2020 23:30,17.5,0
7/13/2020 23:45,17.54,0
7/14/2020 0:00,17.54,0
7/14/2020 0:15,17.59,0
7/14/2020 0:30,17.54,0
7/14/2020 0:45,17.54,0
7/14/2020 1:00,17.59,0
7/14/2020 1:15,17.59,0
7/14/2020 1:30,17.54,0
7/14/2020 1:45,17.59,0
7/14/2020 2:00,17.54,0
7/14/2020 2:15,17.59,0
7/14/2020 2:30,17.59,0
7/14/2020 2:45,17.59,0
7/14/2020 3:00,17.59,0
7/14/2020 3:15,17.54,0
7/14/2020 3:30,17.5,0
7/14/2020 3:45,17.54,0
7/14/2020 4:00,17.5,0
7/14/2020 4:15,17.46,0
7/14/2020 4:30,17.41,0
7/14/2020 4:45,17.37,0
7/14/2020 5:00,17.33,0
7/14/2020 5:15,17.2,0
7/14/2020 5:30,17.16,0
7/14/2020 5:45,17.11,0
7/14/2020 6:00,17.03,0
7/14/2020 6:15,16.94,0
7/14/2020 6:30,16.9,0
7/14/2020 6:45,16.81,0
7/14/2020 7:00,16.73,0
7/14/2020 7:15,16.69,0
7/14/2020 7:30,16.64,0
7/14/2020 7:45,16.56,0
7/14/2020 8:00,16.43,0
7/14/2020 8:15,16.47,0
7/14/2020 8:30,16.43,0
7/14/2020 8:45,16.39,0
7/14/2020 9:00,16.39,0
7/14/2020 9:15,16.34,0
7/14/2020 9:30,16.3,0
7/14/2020 9:45,16.3,0
7/14/2020 10:00,16.3,0
7/14/2020 10:15,16.34,0
7/14/2020 10:30,16.3,0
7/14/2020 10:45,16.3,0
7/14/2020 11:00,16.3,0
7/14/2020 11:15,16.3,3
7/14/2020 11:30,16.34,3
7/14/2020 11:45,16.34,6
7/14/2020 12:00,16.39,10
7/14/2020 12:15,16.43,2
7/14/2020 12:30,16.43,1
7/14/2020 12:45,16.47,1
7/14/2020 13:00,16.51,1
7/14/2020 13:15,16.64,1
7/14/2020 13:30,16.73,1
7/14/2020 13:45,16.77,1
7/14/2020 14:00,16.81,1
7/14/2020 14:15,16.9,1
7/14/2020 14:30,16.9,2
7/14/2020 14:45,17.07,2
7/14/2020 15:00,17.11,5
7/14/2020 15:15,17.16,7
7/14/2020 15:30,17.2,8
7/14/2020 15:45,17.24,7
7/14/2020 16:00,17.24,6
7/14/2020 16:15,17.29,4
7/14/2020 16:30,17.29,1
7/14/2020 16:45,17.24,0
7/14/2020 17:00,17.2,0
7/14/2020 17:15,17.24,0
7/14/2020 17:30,17.24,0
7/14/2020 17:45,17.24,0
7/14/2020 18:00,17.2,0
7/14/2020 18:15,17.2,0
7/14/2020 18:30,17.2,0
7/14/2020 18:45,17.24,0
7/14/2020 19:00,17.2,0
7/14/2020 19:15,17.29,0
7/14/2020 19:30,17.24,0
7/14/2020 19:45,17.24,0
7/14/2020 20:00,17.29,0
7/14/2020 20:15,17.29,0
7/14/2020 20:30,17.29,0
7/14/2020 20:45,17.29,0
7/14/2020 21:00,17.29,0
7/14/2020 21:15,17.33,0
7/14/2020 21:30,17.33,0
7/14/2020 21:45,17.33,0
7/14/2020 22:00,17.37,0
7/14/2020 22:15,17.33,0
7/14/2020 22:30,17.33,0
7/14/2020 22:45,17.37,0
7/14/2020 23:00,17.41,0
7/14/2020 23:15,17.41,0
7/14/2020 23:30,17.37,0
7/14/2020 23:45,17.46,0
7/15/2020 0:00,17.46,0
7/15/2020 0:15,17.46,0
7/15/2020 0:30,17.5,0
7/15/2020 0:45,17.46,0
7/15/2020 1:00,17.54,0
7/15/2020 1:15,17.54,0
7/15/2020 1:30,17.54,0
7/15/2020 1:45,17.54,0
7/15/2020 2:00,17.5,0
7/15/2020 2:15,17.54,0
7/15/2020 2:30,17.54,0
7/15/2020 2:45,17.59,0
7/15/2020 3:00,17.59,0
7/15/2020 3:15,17.54,0
7/15/2020 3:30,17.59,0
7/15/2020 3:45,17.54,0
7/15/2020 4:00,17.59,0
7/15/2020 4:15,17.59,0
7/15/2020 4:30,17.54,0
7/15/2020 4:45,17.54,0
7/15/2020 5:00,17.5,0
7/15/2020 5:15,17.54,0
7/15/2020 5:30,17.5,0
7/15/2020 5:45,17.41,0
7/15/2020 6:00,17.41,0
7/15/2020 6:15,17.37,0
7/15/2020 6:30,17.33,0
7/15/2020 6:45,17.33,0
7/15/2020 7:00,17.24,0
7/15/2020 7:15,17.2,0
7/15/2020 7:30,17.16,0
7/15/2020 7:45,17.11,0
7/15/2020 8:00,17.07,0
7/15/2020 8:15,17.03,0
7/15/2020 8:30,16.99,0
7/15/2020 8:45,16.94,0
7/15/2020 9:00,16.94,0
7/15/2020 9:15,16.9,0
7/15/2020 9:30,16.86,0
7/15/2020 9:45,16.81,0
7/15/2020 10:00,16.9,1
7/15/2020 10:15,16.86,0
7/15/2020 10:30,16.86,0
7/15/2020 10:45,16.86,1
7/15/2020 11:00,16.86,0
7/15/2020 11:15,16.86,3
7/15/2020 11:30,16.86,2
7/15/2020 11:45,16.86,9
7/15/2020 12:00,16.9,6
7/15/2020 12:15,17.03,2
7/15/2020 12:30,17.03,1
7/15/2020 12:45,17.11,1
7/15/2020 13:00,17.16,1
7/15/2020 13:15,17.2,1
7/15/2020 13:30,17.24,1
7/15/2020 13:45,17.37,1
7/15/2020 14:00,17.41,1
7/15/2020 14:15,17.46,1
7/15/2020 14:30,17.54,3
7/15/2020 14:45,17.63,2
7/15/2020 15:00,17.67,5
7/15/2020 15:15,17.76,7
7/15/2020 15:30,17.8,7
7/15/2020 15:45,17.8,6
7/15/2020 16:00,17.84,6
7/15/2020 16:15,17.84,3
7/15/2020 16:30,17.8,1
7/15/2020 16:45,17.8,0
7/15/2020 17:00,17.84,0
7/15/2020 17:15,17.8,0
7/15/2020 17:30,17.8,0
7/15/2020 17:45,17.8,0
7/15/2020 18:00,17.8,0
7/15/2020 18:15,17.8,0
7/15/2020 18:30,17.8,0
7/15/2020 18:45,17.8,0
7/15/2020 19:00,17.8,0
7/15/2020 19:15,17.84,0
7/15/2020 19:30,17.8,0
7/15/2020 19:45,17.8,0
7/15/2020 20:00,17.84,0
7/15/2020 20:15,17.84,0
7/15/2020 20:30,17.89,0
7/15/2020 20:45,17.93,0
7/15/2020 21:00,17.89,0
7/15/2020 21:15,17.89,0
7/15/2020 21:30,17.89,0
7/15/2020 21:45,17.89,0
7/15/2020 22:00,17.93,0
7/15/2020 22:15,17.97,0
7/15/2020 22:30,18.02,0
7/15/2020 22:45,17.97,0
7/15/2020 23:00,18.02,0
7/15/2020 23:15,18.02,0
7/15/2020 23:30,18.02,0
7/15/2020 23:45,18.02,0
7/16/2020 0:00,18.06,0
7/16/2020 0:15,18.06,0
7/16/2020 0:30,18.02,0
7/16/2020 0:45,18.1,0
7/16/2020 1:00,18.06,0
7/16/2020 1:15,18.1,0
7/16/2020 1:30,18.1,0
7/16/2020 1:45,18.1,0
7/16/2020 2:00,18.1,0
7/16/2020 2:15,18.1,0
7/16/2020 2:30,18.14,0
7/16/2020 2:45,18.14,0
7/16/2020 3:00,18.1,0
7/16/2020 3:15,18.14,0
7/16/2020 3:30,18.1,0
7/16/2020 3:45,18.1,0
7/16/2020 4:00,18.06,0
7/16/2020 4:15,18.06,0
7/16/2020 4:30,18.1,0
7/16/2020 4:45,18.1,0
7/16/2020 5:00,18.06,0
7/16/2020 5:15,18.02,0
7/16/2020 5:30,18.02,0
7/16/2020 5:45,18.02,0
7/16/2020 6:00,17.97,0
7/16/2020 6:15,17.93,0
7/16/2020 6:30,17.93,0
7/16/2020 6:45,17.89,0
7/16/2020 7:00,17.8,0
7/16/2020 7:15,17.8,0
7/16/2020 7:30,17.72,0
7/16/2020 7:45,17.72,0
7/16/2020 8:00,17.63,0
7/16/2020 8:15,17.63,0
7/16/2020 8:30,17.54,0
7/16/2020 8:45,17.54,0
7/16/2020 9:00,17.5,0
7/16/2020 9:15,17.5,0
7/16/2020 9:30,17.41,0
7/16/2020 9:45,17.46,0
7/16/2020 10:00,17.46,0
7/16/2020 10:15,17.37,0
7/16/2020 10:30,17.41,0
7/16/2020 10:45,17.37,0
7/16/2020 11:00,17.37,1
7/16/2020 11:15,17.37,3
7/16/2020 11:30,17.41,2
7/16/2020 11:45,17.46,7
7/16/2020 12:00,17.46,8
7/16/2020 12:15,17.5,3
7/16/2020 12:30,17.54,1
7/16/2020 12:45,17.59,1
7/16/2020 13:00,17.59,2
7/16/2020 13:15,17.67,1
7/16/2020 13:30,17.72,2
7/16/2020 13:45,17.76,1
7/16/2020 14:00,17.89,1
7/16/2020 14:15,17.93,1
7/16/2020 14:30,17.97,2
7/16/2020 14:45,18.49,1
7/16/2020 15:00,18.06,5
7/16/2020 15:15,18.06,6
7/16/2020 15:30,18.02,6
7/16/2020 15:45,18.06,5
7/16/2020 16:00,18.1,5
7/16/2020 16:15,18.1,2
7/16/2020 16:30,18.06,1
7/16/2020 16:45,18.1,0
7/16/2020 17:00,18.06,0
7/16/2020 17:15,18.02,0
7/16/2020 17:30,18.02,0
7/16/2020 17:45,18.02,0
7/16/2020 18:00,18.06,0
7/16/2020 18:15,18.06,0
7/16/2020 18:30,18.02,0
7/16/2020 18:45,18.02,0
7/16/2020 19:00,17.97,0
7/16/2020 19:15,18.06,0
7/16/2020 19:30,18.06,0
7/16/2020 19:45,18.06,0
7/16/2020 20:00,18.06,0
7/16/2020 20:15,18.06,0
7/16/2020 20:30,18.06,0
7/16/2020 20:45,18.1,0
7/16/2020 21:00,18.06,0
7/16/2020 21:15,18.1,0
7/16/2020 21:30,18.1,0
7/16/2020 21:45,18.1,0
7/16/2020 22:00,18.1,0
7/16/2020 22:15,18.1,0
7/16/2020 22:30,18.19,0
7/16/2020 22:45,18.14,0
7/16/2020 23:00,18.1,0
7/16/2020 23:15,18.14,0
7/16/2020 23:30,18.19,0
7/16/2020 23:45,18.14,0
7/17/2020 0:00,18.23,0
7/17/2020 0:15,18.19,0
7/17/2020 0:30,18.19,0
7/17/2020 0:45,18.23,0
7/17/2020 1:00,18.23,0
7/17/2020 1:15,18.23,0
7/17/2020 1:30,18.19,0
7/17/2020 1:45,18.23,0
7/17/2020 2:00,18.23,0
7/17/2020 2:15,18.23,0
7/17/2020 2:30,18.23,0
7/17/2020 2:45,18.27,0
7/17/2020 3:00,18.23,0
7/17/2020 3:15,18.27,0
7/17/2020 3:30,18.23,0
7/17/2020 3:45,18.19,0
7/17/2020 4:00,18.23,0
7/17/2020 4:15,18.19,0
7/17/2020 4:30,18.23,0
7/17/2020 4:45,18.19,0
7/17/2020 5:00,18.19,0
7/17/2020 5:15,18.14,0
7/17/2020 5:30,18.1,0
7/17/2020 5:45,18.1,0
7/17/2020 6:00,18.02,0
7/17/2020 6:15,17.97,0
7/17/2020 6:30,17.97,0
7/17/2020 6:45,17.93,0
7/17/2020 7:00,17.84,0
7/17/2020 7:15,17.76,0
7/17/2020 7:30,17.72,0
7/17/2020 7:45,17.67,0
7/17/2020 8:00,17.59,0
7/17/2020 8:15,17.59,0
7/17/2020 8:30,17.54,0
7/17/2020 8:45,17.5,0
7/17/2020 9:00,17.5,0
7/17/2020 9:15,17.46,0
7/17/2020 9:30,17.46,0
7/17/2020 9:45,17.46,0
7/17/2020 10:00,17.41,0
7/17/2020 10:15,17.37,0
7/17/2020 10:30,17.37,0
7/17/2020 10:45,17.37,0
7/17/2020 11:00,17.41,0
7/17/2020 11:15,17.41,1
7/17/2020 11:30,17.41,1
7/17/2020 11:45,17.46,3
7/17/2020 12:00,17.46,3
7/17/2020 12:15,17.5,3
7/17/2020 12:30,17.54,0
7/17/2020 12:45,17.59,1
7/17/2020 13:00,17.63,1
7/17/2020 13:15,17.63,1
7/17/2020 13:30,17.67,0
7/17/2020 13:45,17.76,1
7/17/2020 14:00,17.8,1
7/17/2020 14:15,17.8,1
7/17/2020 14:30,17.93,2
7/17/2020 14:45,17.93,1
7/17/2020 15:00,17.97,4
7/17/2020 15:15,18.06,5
7/17/2020 15:30,18.06,4
7/17/2020 15:45,18.14,4
7/17/2020 16:00,18.14,4
7/17/2020 16:15,18.14,2
7/17/2020 16:30,18.14,1
7/17/2020 16:45,18.14,0
7/17/2020 17:00,18.14,1
7/17/2020 17:15,18.1,0
7/17/2020 17:30,18.14,0
7/17/2020 17:45,18.1,0
7/17/2020 18:00,18.1,0
7/17/2020 18:15,18.1,0
7/17/2020 18:30,18.14,0
7/17/2020 18:45,18.1,0
7/17/2020 19:00,18.14,0
7/17/2020 19:15,18.1,0
7/17/2020 19:30,18.14,0
7/17/2020 19:45,18.1,0
7/17/2020 20:00,18.1,0
7/17/2020 20:15,18.1,0
7/17/2020 20:30,18.19,0
7/17/2020 20:45,18.1,0
7/17/2020 21:00,18.14,0
7/17/2020 21:15,18.14,0
7/17/2020 21:30,18.14,0
7/17/2020 21:45,18.14,0
7/17/2020 22:00,18.19,0
7/17/2020 22:15,18.19,0
7/17/2020 22:30,18.23,0
7/17/2020 22:45,18.23,0
7/17/2020 23:00,18.23,0
7/17/2020 23:15,18.27,0
7/17/2020 23:30,18.27,0
7/17/2020 23:45,18.27,0
7/18/2020 0:00,18.27,0
7/18/2020 0:15,18.27,0
7/18/2020 0:30,18.27,0
7/18/2020 0:45,18.32,0
7/18/2020 1:00,18.27,0
7/18/2020 1:15,18.27,0
7/18/2020 1:30,18.32,0
7/18/2020 1:45,18.32,0
7/18/2020 2:00,18.32,0
7/18/2020 2:15,18.32,0
7/18/2020 2:30,18.32,0
7/18/2020 2:45,18.36,0
7/18/2020 3:00,18.32,0
7/18/2020 3:15,18.36,0
7/18/2020 3:30,18.32,0
7/18/2020 3:45,18.36,0
7/18/2020 4:00,18.36,0
7/18/2020 4:15,18.36,0
7/18/2020 4:30,18.32,0
7/18/2020 4:45,18.27,0
7/18/2020 5:00,18.32,0
7/18/2020 5:15,18.27,0
7/18/2020 5:30,18.27,0
7/18/2020 5:45,18.27,0
7/18/2020 6:00,18.23,0
7/18/2020 6:15,18.19,0
7/18/2020 6:30,18.19,0
7/18/2020 6:45,18.14,0
7/18/2020 7:00,18.1,0
7/18/2020 7:15,18.06,0
7/18/2020 7:30,18.02,0
7/18/2020 7:45,18.02,0
7/18/2020 8:00,17.97,0
7/18/2020 8:15,17.93,0
7/18/2020 8:30,17.89,0
7/18/2020 8:45,17.89,0
7/18/2020 9:00,17.84,0
7/18/2020 9:15,17.8,0
7/18/2020 9:30,17.8,0
7/18/2020 9:45,17.8,0
7/18/2020 10:00,17.8,0
7/18/2020 10:15,17.8,0
7/18/2020 10:30,17.84,0
7/18/2020 10:45,17.76,0
7/18/2020 11:00,17.76,0
7/18/2020 11:15,17.8,1
7/18/2020 11:30,17.8,2
7/18/2020 11:45,17.84,4
7/18/2020 12:00,17.8,4
7/18/2020 12:15,17.84,2
7/18/2020 12:30,17.89,1
7/18/2020 12:45,17.89,1
7/18/2020 13:00,17.93,1
7/18/2020 13:15,17.97,1
7/18/2020 13:30,18.06,1
7/18/2020 13:45,18.1,1
7/18/2020 14:00,18.14,1
7/18/2020 14:15,18.23,1
7/18/2020 14:30,18.23,2
7/18/2020 14:45,18.27,2
7/18/2020 15:00,18.32,3
7/18/2020 15:15,18.36,4
7/18/2020 15:30,18.4,4
7/18/2020 15:45,18.4,4
7/18/2020 16:00,18.44,5
7/18/2020 16:15,18.49,3
7/18/2020 16:30,18.44,1
7/18/2020 16:45,18.4,1
7/18/2020 17:00,18.4,0
7/18/2020 17:15,18.44,0
7/18/2020 17:30,18.44,0
7/18/2020 17:45,18.4,0
7/18/2020 18:00,18.4,0
7/18/2020 18:15,18.44,0
7/18/2020 18:30,18.44,0
7/18/2020 18:45,18.4,0
7/18/2020 19:00,18.44,0
7/18/2020 19:15,18.4,0
7/18/2020 19:30,18.44,0
7/18/2020 19:45,18.44,0
7/18/2020 20:00,18.49,0
7/18/2020 20:15,18.44,0
7/18/2020 20:30,18.44,0
7/18/2020 20:45,18.49,0
7/18/2020 21:00,18.53,0
7/18/2020 21:15,18.49,0
7/18/2020 21:30,18.49,0
7/18/2020 21:45,18.49,0
7/18/2020 22:00,18.57,0
7/18/2020 22:15,18.49,0
7/18/2020 22:30,18.53,0
7/18/2020 22:45,18.57,0
7/18/2020 23:00,18.53,0
7/18/2020 23:15,18.53,0
7/18/2020 23:30,18.57,0
7/18/2020 23:45,18.57,0
7/19/2020 0:00,18.66,0
7/19/2020 0:15,18.57,0
7/19/2020 0:30,18.62,0
7/19/2020 0:45,18.62,0
7/19/2020 1:00,18.62,0
7/19/2020 1:15,18.62,0
7/19/2020 1:30,18.66,0
7/19/2020 1:45,18.66,0
7/19/2020 2:00,18.66,0
7/19/2020 2:15,18.62,0
7/19/2020 2:30,18.66,0
7/19/2020 2:45,18.7,0
7/19/2020 3:00,18.62,0
7/19/2020 3:15,18.66,0
7/19/2020 3:30,18.66,0
7/19/2020 3:45,18.7,0
7/19/2020 4:00,18.66,0
7/19/2020 4:15,18.66,0
7/19/2020 4:30,18.62,0
7/19/2020 4:45,18.66,0
7/19/2020 5:00,18.57,0
7/19/2020 5:15,18.62,0
7/19/2020 5:30,18.53,0
7/19/2020 5:45,18.49,0
7/19/2020 6:00,18.49,0
7/19/2020 6:15,18.53,0
7/19/2020 6:30,18.44,0
7/19/2020 6:45,18.4,0
7/19/2020 7:00,18.4,0
7/19/2020 7:15,18.27,0
7/19/2020 7:30,18.27,0
7/19/2020 7:45,18.23,0
7/19/2020 8:00,18.19,0
7/19/2020 8:15,18.14,0
7/19/2020 8:30,18.06,0
7/19/2020 8:45,18.06,0
7/19/2020 9:00,18.02,0
7/19/2020 9:15,17.97,0
7/19/2020 9:30,17.97,0
7/19/2020 9:45,17.97,0
7/19/2020 10:00,17.97,0
7/19/2020 10:15,17.97,0
7/19/2020 10:30,17.93,1
7/19/2020 10:45,17.97,1
7/19/2020 11:00,17.93,1
7/19/2020 11:15,17.93,1
7/19/2020 11:30,17.93,2
7/19/2020 11:45,17.97,3
7/19/2020 12:00,18.02,4
7/19/2020 12:15,18.02,2
7/19/2020 12:30,18.1,1
7/19/2020 12:45,18.1,1
7/19/2020 13:00,18.1,1
7/19/2020 13:15,18.19,1
7/19/2020 13:30,18.27,1
7/19/2020 13:45,18.27,1
7/19/2020 14:00,18.27,1
7/19/2020 14:15,18.36,1
7/19/2020 14:30,18.36,2
7/19/2020 14:45,18.4,2
7/19/2020 15:00,18.44,4
7/19/2020 15:15,18.53,4
7/19/2020 15:30,18.53,5
7/19/2020 15:45,18.62,4
7/19/2020 16:00,18.57,4
7/19/2020 16:15,18.62,3
7/19/2020 16:30,18.53,2
7/19/2020 16:45,18.53,1
7/19/2020 17:00,18.53,1
7/19/2020 17:15,18.57,0
7/19/2020 17:30,18.57,0
7/19/2020 17:45,18.57,0
7/19/2020 18:00,18.53,0
7/19/2020 18:15,18.57,0
7/19/2020 18:30,18.53,0
7/19/2020 18:45,18.53,0
7/19/2020 19:00,18.57,0
7/19/2020 19:15,18.57,0
7/19/2020 19:30,18.53,0
7/19/2020 19:45,18.57,0
7/19/2020 20:00,18.62,0
7/19/2020 20:15,18.57,0
7/19/2020 20:30,18.62,0
7/19/2020 20:45,18.62,0
7/19/2020 21:00,18.62,0
7/19/2020 21:15,18.62,0
7/19/2020 21:30,18.7,0
7/19/2020 21:45,18.66,0
7/19/2020 22:00,18.66,0
7/19/2020 22:15,18.66,0
7/19/2020 22:30,18.7,0
7/19/2020 22:45,18.74,0
7/19/2020 23:00,18.7,0
7/19/2020 23:15,18.7,0
7/19/2020 23:30,18.7,0
7/19/2020 23:45,18.79,0
7/20/2020 0:00,18.74,0
7/20/2020 0:15,18.74,0
7/20/2020 0:30,18.79,0
7/20/2020 0:45,18.74,0
7/20/2020 1:00,18.74,0
7/20/2020 1:15,18.83,0
7/20/2020 1:30,18.79,0
7/20/2020 1:45,18.83,0
7/20/2020 2:00,18.79,0
7/20/2020 2:15,18.79,0
7/20/2020 2:30,18.83,0
7/20/2020 2:45,18.83,0
7/20/2020 3:00,18.79,0
7/20/2020 3:15,18.79,0
7/20/2020 3:30,18.83,0
7/20/2020 3:45,18.79,0
7/20/2020 4:00,18.79,0
7/20/2020 4:15,18.74,0
7/20/2020 4:30,18.79,0
7/20/2020 4:45,18.74,0
7/20/2020 5:00,18.74,0
7/20/2020 5:15,18.7,0
7/20/2020 5:30,18.7,0
7/20/2020 5:45,18.66,0
7/20/2020 6:00,18.7,0
7/20/2020 6:15,18.66,0
7/20/2020 6:30,18.62,0
7/20/2020 6:45,18.53,0
7/20/2020 7:00,18.53,0
7/20/2020 7:15,18.49,0
7/20/2020 7:30,18.4,0
7/20/2020 7:45,18.32,0
7/20/2020 8:00,18.32,0
7/20/2020 8:15,18.27,0
7/20/2020 8:30,18.27,0
7/20/2020 8:45,18.19,0
7/20/2020 9:00,18.14,0
7/20/2020 9:15,18.14,1
7/20/2020 9:30,18.1,0
7/20/2020 9:45,18.1,0
7/20/2020 10:00,18.06,0
7/20/2020 10:15,18.1,0
7/20/2020 10:30,18.06,0
7/20/2020 10:45,18.1,0
7/20/2020 11:00,18.1,0
7/20/2020 11:15,18.1,1
7/20/2020 11:30,18.1,1
7/20/2020 11:45,18.14,2
7/20/2020 12:00,18.14,3
7/20/2020 12:15,18.19,1
7/20/2020 12:30,18.19,1
7/20/2020 12:45,18.23,1
7/20/2020 13:00,18.27,1
7/20/2020 13:15,18.27,1
7/20/2020 13:30,18.36,1
7/20/2020 13:45,18.4,1
7/20/2020 14:00,18.44,1
7/20/2020 14:15,18.49,1
7/20/2020 14:30,18.53,2
7/20/2020 14:45,18.57,2
7/20/2020 15:00,18.57,3
7/20/2020 15:15,18.66,5
7/20/2020 15:30,18.7,5
7/20/2020 15:45,18.74,4
7/20/2020 16:00,18.74,5
7/20/2020 16:15,18.74,4
7/20/2020 16:30,18.74,1
7/20/2020 16:45,18.74,1
7/20/2020 17:00,18.74,0
7/20/2020 17:15,18.7,0
7/20/2020 17:30,18.74,0
7/20/2020 17:45,18.74,0
7/20/2020 18:00,18.7,0
7/20/2020 18:15,18.74,1
7/20/2020 18:30,18.74,0
7/20/2020 18:45,18.74,0
7/20/2020 19:00,18.74,0
7/20/2020 19:15,18.7,0
7/20/2020 19:30,18.74,0
7/20/2020 19:45,18.74,0
7/20/2020 20:00,18.74,0
7/20/2020 20:15,18.79,0
7/20/2020 20:30,18.83,0
7/20/2020 20:45,18.79,0
7/20/2020 21:00,18.83,0
7/20/2020 21:15,18.79,0
7/20/2020 21:30,18.83,0
7/20/2020 21:45,18.83,0
7/20/2020 22:00,18.87,0
7/20/2020 22:15,18.83,0
7/20/2020 22:30,18.87,0
7/20/2020 22:45,18.92,0
7/20/2020 23:00,18.92,0
7/20/2020 23:15,18.92,0
7/20/2020 23:30,18.96,0
7/20/2020 23:45,18.96,0
7/21/2020 0:00,18.96,0
7/21/2020 0:15,18.92,0
7/21/2020 0:30,19,0
7/21/2020 0:45,18.96,0
7/21/2020 1:00,18.96,0
7/21/2020 1:15,18.96,0
7/21/2020 1:30,18.96,0
7/21/2020 1:45,19,0
7/21/2020 2:00,19,0
7/21/2020 2:15,19,0
7/21/2020 2:30,18.96,0
7/21/2020 2:45,18.96,0
7/21/2020 3:00,18.92,0
7/21/2020 3:15,18.96,0
7/21/2020 3:30,18.96,0
7/21/2020 3:45,18.92,0
7/21/2020 4:00,18.92,0
7/21/2020 4:15,18.92,0
7/21/2020 4:30,18.87,0
7/21/2020 4:45,18.83,0
7/21/2020 5:00,18.83,0
7/21/2020 5:15,18.79,0
7/21/2020 5:30,18.74,0
7/21/2020 5:45,18.74,0
7/21/2020 6:00,18.66,0
7/21/2020 6:15,18.57,0
7/21/2020 6:30,18.53,0
7/21/2020 6:45,18.49,0
7/21/2020 7:00,18.36,0
7/21/2020 7:15,18.36,0
7/21/2020 7:30,18.27,0
7/21/2020 7:45,18.19,0
7/21/2020 8:00,18.19,0
7/21/2020 8:15,18.1,0
7/21/2020 8:30,18.1,0
7/21/2020 8:45,18.06,0
7/21/2020 9:00,17.97,0
7/21/2020 9:15,17.97,0
7/21/2020 9:30,17.93,0
7/21/2020 9:45,17.93,0
7/21/2020 10:00,17.93,0
7/21/2020 10:15,17.93,0
7/21/2020 10:30,17.93,0
7/21/2020 10:45,17.93,0
7/21/2020 11:00,17.97,0
7/21/2020 11:15,17.93,1
7/21/2020 11:30,17.93,1
7/21/2020 11:45,17.97,2
7/21/2020 12:00,17.97,6
7/21/2020 12:15,18.06,1
7/21/2020 12:30,18.02,1
7/21/2020 12:45,18.1,1
7/21/2020 13:00,18.06,1
7/21/2020 13:15,18.14,1
7/21/2020 13:30,18.19,1
7/21/2020 13:45,18.23,1
7/21/2020 14:00,18.27,1
7/21/2020 14:15,18.36,1
7/21/2020 14:30,18.4,2
7/21/2020 14:45,18.44,1
7/21/2020 15:00,18.44,3
7/21/2020 15:15,18.53,4
7/21/2020 15:30,18.57,4
7/21/2020 15:45,18.62,4
7/21/2020 16:00,18.62,4
7/21/2020 16:15,18.66,4
7/21/2020 16:30,18.66,2
7/21/2020 16:45,18.66,1
7/21/2020 17:00,18.57,0
7/21/2020 17:15,18.62,0
7/21/2020 17:30,18.62,0
7/21/2020 17:45,18.62,0
7/21/2020 18:00,18.66,0
7/21/2020 18:15,18.66,0
7/21/2020 18:30,18.66,0
7/21/2020 18:45,18.66,0
7/21/2020 19:00,18.62,0
7/21/2020 19:15,18.7,0
7/21/2020 19:30,18.66,0
7/21/2020 19:45,18.66,0
7/21/2020 20:00,18.7,0
7/21/2020 20:15,18.74,0
7/21/2020 20:30,18.7,0
7/21/2020 20:45,18.74,0
7/21/2020 21:00,18.74,0
7/21/2020 21:15,18.7,0
7/21/2020 21:30,18.74,0
7/21/2020 21:45,18.74,0
7/21/2020 22:00,18.79,0
7/21/2020 22:15,18.74,0
7/21/2020 22:30,18.79,0
7/21/2020 22:45,18.83,0
7/21/2020 23:00,18.83,0
7/21/2020 23:15,18.83,0
7/21/2020 23:30,18.83,0
7/21/2020 23:45,18.87,0
7/22/2020 0:00,18.87,0
7/22/2020 0:15,18.87,0
7/22/2020 0:30,18.87,0
7/22/2020 0:45,18.87,0
7/22/2020 1:00,18.92,0
7/22/2020 1:15,18.96,0
7/22/2020 1:30,18.92,0
7/22/2020 1:45,18.96,0
7/22/2020 2:00,19,0
7/22/2020 2:15,18.96,0
7/22/2020 2:30,19,0
7/22/2020 2:45,18.96,0
7/22/2020 3:00,18.96,0
7/22/2020 3:15,18.96,0
7/22/2020 3:30,18.96,0
7/22/2020 3:45,19,0
7/22/2020 4:00,18.96,0
7/22/2020 4:15,18.92,0
7/22/2020 4:30,18.96,0
7/22/2020 4:45,18.96,0
7/22/2020 5:00,18.92,0
7/22/2020 5:15,18.92,0
7/22/2020 5:30,18.92,0
7/22/2020 5:45,18.87,0
7/22/2020 6:00,18.87,0
7/22/2020 6:15,18.83,0
7/22/2020 6:30,18.83,0
7/22/2020 6:45,18.79,0
7/22/2020 7:00,18.79,0
7/22/2020 7:15,18.74,0
7/22/2020 7:30,18.74,0
7/22/2020 7:45,18.66,0
7/22/2020 8:00,18.66,0
7/22/2020 8:15,18.62,0
7/22/2020 8:30,18.62,0
7/22/2020 8:45,18.57,0
7/22/2020 9:00,18.57,0
7/22/2020 9:15,18.4,0
7/22/2020 9:30,18.32,0
7/22/2020 9:45,18.36,0
7/22/2020 10:00,18.36,0
7/22/2020 10:15,18.36,0
7/22/2020 10:30,18.36,0
7/22/2020 10:45,18.36,0
7/22/2020 11:00,18.36,1
7/22/2020 11:15,18.36,1
7/22/2020 11:30,18.4,1
7/22/2020 11:45,18.49,2
7/22/2020 12:00,18.49,6
7/22/2020 12:15,18.53,1
7/22/2020 12:30,18.53,1
7/22/2020 12:45,18.62,2
7/22/2020 13:00,18.66,2
7/22/2020 13:15,18.7,1
7/22/2020 13:30,18.74,1
7/22/2020 13:45,18.74,1
7/22/2020 14:00,18.83,1
7/22/2020 14:15,18.87,1
7/22/2020 14:30,18.87,2
7/22/2020 14:45,18.92,2
7/22/2020 15:00,19,3
7/22/2020 15:15,19,5
7/22/2020 15:30,19.09,4
7/22/2020 15:45,19.09,4
7/22/2020 16:00,19.09,5
7/22/2020 16:15,19.17,4
7/22/2020 16:30,19.13,2
7/22/2020 16:45,19.09,2
7/22/2020 17:00,19.09,1
7/22/2020 17:15,19.09,0
7/22/2020 17:30,19.13,0
7/22/2020 17:45,19.17,1
7/22/2020 18:00,19.09,1
7/22/2020 18:15,19.13,1
7/22/2020 18:30,19.09,0
7/22/2020 18:45,19.13,0
7/22/2020 19:00,19.13,0
7/22/2020 19:15,19.22,0
7/22/2020 19:30,19.17,0
7/22/2020 19:45,19.17,0
7/22/2020 20:00,19.22,0
7/22/2020 20:15,19.22,0
7/22/2020 20:30,19.22,0
7/22/2020 20:45,19.22,0
7/22/2020 21:00,19.26,0
7/22/2020 21:15,19.22,0
7/22/2020 21:30,19.22,0
7/22/2020 21:45,19.26,0
7/22/2020 22:00,19.26,0
7/22/2020 22:15,19.26,0
7/22/2020 22:30,19.3,0
7/22/2020 22:45,19.3,0
7/22/2020 23:00,19.35,0
7/22/2020 23:15,19.3,0
7/22/2020 23:30,19.35,0
7/22/2020 23:45,19.39,0
7/23/2020 0:00,19.39,0
7/23/2020 0:15,19.39,0
7/23/2020 0:30,19.43,0
7/23/2020 0:45,19.35,0
7/23/2020 1:00,19.39,0
7/23/2020 1:15,19.43,0
7/23/2020 1:30,19.39,0
7/23/2020 1:45,19.43,0
7/23/2020 2:00,19.43,0
7/23/2020 2:15,19.43,0
7/23/2020 2:30,19.39,0
7/23/2020 2:45,19.47,0
7/23/2020 3:00,19.43,0
7/23/2020 3:15,19.43,0
7/23/2020 3:30,19.43,0
7/23/2020 3:45,19.43,0
7/23/2020 4:00,19.47,0
7/23/2020 4:15,19.43,0
7/23/2020 4:30,19.43,0
7/23/2020 4:45,19.43,0
7/23/2020 5:00,19.43,0
7/23/2020 5:15,19.39,0
7/23/2020 5:30,19.39,0
7/23/2020 5:45,19.39,0
7/23/2020 6:00,19.35,0
7/23/2020 6:15,19.3,0
7/23/2020 6:30,19.3,0
7/23/2020 6:45,19.3,0
7/23/2020 7:00,19.22,0
7/23/2020 7:15,19.22,0
7/23/2020 7:30,19.22,0
7/23/2020 7:45,19.17,0
7/23/2020 8:00,19.17,0
7/23/2020 8:15,19.13,0
7/23/2020 8:30,19.09,0
7/23/2020 8:45,19.09,0
7/23/2020 9:00,19.04,0
7/23/2020 9:15,19,0
7/23/2020 9:30,19,0
7/23/2020 9:45,19,0
7/23/2020 10:00,18.96,1
7/23/2020 10:15,19,0
7/23/2020 10:30,18.92,0
7/23/2020 10:45,18.96,0
7/23/2020 11:00,18.92,0
7/23/2020 11:15,18.92,1
7/23/2020 11:30,18.92,1
7/23/2020 11:45,18.96,2
7/23/2020 12:00,18.92,6
7/23/2020 12:15,18.96,1
7/23/2020 12:30,19,1
7/23/2020 12:45,19.04,2
7/23/2020 13:00,19.09,1
7/23/2020 13:15,19.13,1
7/23/2020 13:30,19.13,1
7/23/2020 13:45,19.26,1
7/23/2020 14:00,19.26,1
7/23/2020 14:15,19.35,1
7/23/2020 14:30,19.35,1
7/23/2020 14:45,19.39,1
7/23/2020 15:00,19.39,2
7/23/2020 15:15,19.47,1
7/23/2020 15:30,19.47,4
7/23/2020 15:45,19.47,1
7/23/2020 16:00,19.52,1
7/23/2020 16:15,19.47,1
7/23/2020 16:30,19.52,0
7/23/2020 16:45,19.47,2
7/23/2020 17:00,19.43,1
7/23/2020 17:15,19.43,0
7/23/2020 17:30,19.52,0
7/23/2020 17:45,19.52,0
7/23/2020 18:00,19.47,0
7/23/2020 18:15,19.47,0
7/23/2020 18:30,19.52,0
7/23/2020 18:45,19.52,0
7/23/2020 19:00,19.56,0
7/23/2020 19:15,19.47,0
7/23/2020 19:30,19.47,0
7/23/2020 19:45,19.47,0
7/23/2020 20:00,19.52,0
7/23/2020 20:15,19.56,0
7/23/2020 20:30,19.52,0
7/23/2020 20:45,19.52,0
7/23/2020 21:00,19.56,0
7/23/2020 21:15,19.56,0
7/23/2020 21:30,19.56,0
7/23/2020 21:45,19.56,0
7/23/2020 22:00,19.6,0
7/23/2020 22:15,19.6,0
7/23/2020 22:30,19.65,0
7/23/2020 22:45,19.6,0
7/23/2020 23:00,19.6,0
7/23/2020 23:15,19.6,0
7/23/2020 23:30,19.65,0
7/23/2020 23:45,19.6,0
7/24/2020 0:00,19.65,0
7/24/2020 0:15,19.65,0
7/24/2020 0:30,19.6,0
7/24/2020 0:45,19.6,0
7/24/2020 1:00,19.65,0
7/24/2020 1:15,19.6,0
7/24/2020 1:30,19.65,0
7/24/2020 1:45,19.6,0
7/24/2020 2:00,19.6,0
7/24/2020 2:15,19.6,0
7/24/2020 2:30,19.52,0
7/24/2020 2:45,19.52,0
7/24/2020 3:00,19.52,0
7/24/2020 3:15,19.43,0
7/24/2020 3:30,19.43,0
7/24/2020 3:45,19.39,0
7/24/2020 4:00,19.35,0
7/24/2020 4:15,19.3,0
7/24/2020 4:30,19.17,0
7/24/2020 4:45,19.17,0
7/24/2020 5:00,19.09,0
7/24/2020 5:15,19,0
7/24/2020 5:30,18.96,0
7/24/2020 5:45,18.87,0
7/24/2020 6:00,18.79,0
7/24/2020 6:15,18.7,0
7/24/2020 6:30,18.62,0
7/24/2020 6:45,18.49,0
7/24/2020 7:00,18.44,0
7/24/2020 7:15,18.36,0
7/24/2020 7:30,18.32,0
7/24/2020 7:45,18.27,0
7/24/2020 8:00,18.23,0
7/24/2020 8:15,18.14,0
7/24/2020 8:30,18.1,0
7/24/2020 8:45,18.06,0
7/24/2020 9:00,18.1,0
7/24/2020 9:15,18.06,0
7/24/2020 9:30,18.02,0
7/24/2020 9:45,17.97,0
7/24/2020 10:00,17.97,0
7/24/2020 10:15,18.02,0
7/24/2020 10:30,17.97,0
7/24/2020 10:45,17.97,0
7/24/2020 11:00,17.97,0
7/24/2020 11:15,18.02,1
7/24/2020 11:30,18.02,1
7/24/2020 11:45,18.02,1
7/24/2020 12:00,18.06,3
7/24/2020 12:15,18.06,1
7/24/2020 12:30,18.1,1
7/24/2020 12:45,18.1,1
7/24/2020 13:00,18.14,1
7/24/2020 13:15,18.19,1
7/24/2020 13:30,18.27,1
7/24/2020 13:45,18.32,1
7/24/2020 14:00,18.4,1
7/24/2020 14:15,18.44,1
7/24/2020 14:30,18.53,1
7/24/2020 14:45,18.62,1
7/24/2020 15:00,18.62,2
7/24/2020 15:15,18.66,4
7/24/2020 15:30,18.7,4
7/24/2020 15:45,18.79,3
7/24/2020 16:00,18.74,3
7/24/2020 16:15,18.79,3
7/24/2020 16:30,18.83,2
7/24/2020 16:45,18.79,1
7/24/2020 17:00,18.79,0
7/24/2020 17:15,18.79,0
7/24/2020 17:30,18.74,0
7/24/2020 17:45,18.7,0
7/24/2020 18:00,18.79,0
7/24/2020 18:15,18.79,0
7/24/2020 18:30,18.79,0
7/24/2020 18:45,18.79,0
7/24/2020 19:00,18.83,0
7/24/2020 19:15,18.83,0
7/24/2020 19:30,18.83,0
7/24/2020 19:45,18.79,0
7/24/2020 20:00,18.83,0
7/24/2020 20:15,18.87,0
7/24/2020 20:30,18.87,0
7/24/2020 20:45,18.87,0
7/24/2020 21:00,18.92,0
7/24/2020 21:15,18.87,0
7/24/2020 21:30,18.92,0
7/24/2020 21:45,18.92,0
7/24/2020 22:00,18.96,0
7/24/2020 22:15,18.96,0
7/24/2020 22:30,18.96,0
7/24/2020 22:45,19,0
7/24/2020 23:00,19,0
7/24/2020 23:15,19.04,0
7/24/2020 23:30,19,0
7/24/2020 23:45,19.04,0
7/25/2020 0:00,19,0
7/25/2020 0:15,19,0
7/25/2020 0:30,19.09,0
7/25/2020 0:45,19.09,0
7/25/2020 1:00,19.04,0
7/25/2020 1:15,19.09,0
7/25/2020 1:30,19.09,0
7/25/2020 1:45,19.04,0
7/25/2020 2:00,19.09,0
7/25/2020 2:15,19.04,0
7/25/2020 2:30,19.04,0
7/25/2020 2:45,19,0
7/25/2020 3:00,19,0
7/25/2020 3:15,19,0
7/25/2020 3:30,18.92,0
7/25/2020 3:45,18.87,0
7/25/2020 4:00,18.79,0
7/25/2020 4:15,18.79,0
7/25/2020 4:30,18.7,0
7/25/2020 4:45,18.62,0
7/25/2020 5:00,18.53,0
7/25/2020 5:15,18.44,0
7/25/2020 5:30,18.36,0
7/25/2020 5:45,18.32,0
7/25/2020 6:00,18.23,0
7/25/2020 6:15,18.1,0
7/25/2020 6:30,18.06,0
7/25/2020 6:45,18.02,0
7/25/2020 7:00,17.93,0
7/25/2020 7:15,17.84,0
7/25/2020 7:30,17.72,0
7/25/2020 7:45,17.72,0
7/25/2020 8:00,17.63,0
7/25/2020 8:15,17.63,0
7/25/2020 8:30,17.59,0
7/25/2020 8:45,17.54,0
7/25/2020 9:00,17.5,0
7/25/2020 9:15,17.46,0
7/25/2020 9:30,17.46,0
7/25/2020 9:45,17.46,0
7/25/2020 10:00,17.41,0
7/25/2020 10:15,17.41,0
7/25/2020 10:30,17.46,0
7/25/2020 10:45,17.41,0
7/25/2020 11:00,17.41,0
7/25/2020 11:15,17.41,0
7/25/2020 11:30,17.41,1
7/25/2020 11:45,17.46,1
7/25/2020 12:00,17.41,2
7/25/2020 12:15,17.5,1
7/25/2020 12:30,17.5,0
7/25/2020 12:45,17.54,1
7/25/2020 13:00,17.59,1
7/25/2020 13:15,17.63,0
7/25/2020 13:30,17.72,0
7/25/2020 13:45,17.8,1
7/25/2020 14:00,17.84,1
7/25/2020 14:15,17.93,1
7/25/2020 14:30,18.02,1
7/25/2020 14:45,18.02,1
7/25/2020 15:00,18.1,2
7/25/2020 15:15,18.19,4
7/25/2020 15:30,18.23,3
7/25/2020 15:45,18.23,3
7/25/2020 16:00,18.32,3
7/25/2020 16:15,18.27,3
7/25/2020 16:30,18.27,2
7/25/2020 16:45,18.27,2
7/25/2020 17:00,18.32,0
7/25/2020 17:15,18.27,0
7/25/2020 17:30,18.27,0
7/25/2020 17:45,18.27,0
7/25/2020 18:00,18.27,0
7/25/2020 18:15,18.27,0
7/25/2020 18:30,18.27,0
7/25/2020 18:45,18.27,0
7/25/2020 19:00,18.27,0
7/25/2020 19:15,18.32,0
7/25/2020 19:30,18.32,0
7/25/2020 19:45,18.36,0
7/25/2020 20:00,18.36,0
7/25/2020 20:15,18.36,0
7/25/2020 20:30,18.4,0
7/25/2020 20:45,18.36,0
7/25/2020 21:00,18.4,0
7/25/2020 21:15,18.44,0
7/25/2020 21:30,18.44,0
7/25/2020 21:45,18.44,0
7/25/2020 22:00,18.49,0
7/25/2020 22:15,18.49,0
7/25/2020 22:30,18.49,0
7/25/2020 22:45,18.53,0
7/25/2020 23:00,18.57,0
7/25/2020 23:15,18.57,0
7/25/2020 23:30,18.53,0
7/25/2020 23:45,18.62,0
7/26/2020 0:00,18.57,0
7/26/2020 0:15,18.62,0
7/26/2020 0:30,18.66,0
7/26/2020 0:45,18.66,0
7/26/2020 1:00,18.62,0
7/26/2020 1:15,18.66,0
7/26/2020 1:30,18.66,0
7/26/2020 1:45,18.66,0
7/26/2020 2:00,18.66,0
7/26/2020 2:15,18.7,0
7/26/2020 2:30,18.66,0
7/26/2020 2:45,18.66,0
7/26/2020 3:00,18.7,0
7/26/2020 3:15,18.66,0
7/26/2020 3:30,18.66,0
7/26/2020 3:45,18.66,0
7/26/2020 4:00,18.62,0
7/26/2020 4:15,18.62,0
7/26/2020 4:30,18.53,0
7/26/2020 4:45,18.57,0
7/26/2020 5:00,18.53,0
7/26/2020 5:15,18.44,0
7/26/2020 5:30,18.44,0
7/26/2020 5:45,18.4,0
7/26/2020 6:00,18.36,0
7/26/2020 6:15,18.27,0
7/26/2020 6:30,18.23,0
7/26/2020 6:45,18.14,0
7/26/2020 7:00,18.1,0
7/26/2020 7:15,18.06,0
7/26/2020 7:30,18.02,0
7/26/2020 7:45,17.93,0
7/26/2020 8:00,17.93,0
7/26/2020 8:15,17.89,0
7/26/2020 8:30,17.8,0
7/26/2020 8:45,17.8,0
7/26/2020 9:00,17.8,0
7/26/2020 9:15,17.76,0
7/26/2020 9:30,17.72,0
7/26/2020 9:45,17.67,0
7/26/2020 10:00,17.67,0
7/26/2020 10:15,17.76,0
7/26/2020 10:30,17.72,0
7/26/2020 10:45,17.72,0
7/26/2020 11:00,17.72,1
7/26/2020 11:15,17.76,0
7/26/2020 11:30,17.67,1
7/26/2020 11:45,17.72,1
7/26/2020 12:00,17.76,1
7/26/2020 12:15,17.76,1
7/26/2020 12:30,17.8,0
7/26/2020 12:45,17.8,1
7/26/2020 13:00,17.84,1
7/26/2020 13:15,17.89,1
7/26/2020 13:30,17.89,1
7/26/2020 13:45,18.02,1
7/26/2020 14:00,18.06,1
7/26/2020 14:15,18.1,1
7/26/2020 14:30,18.19,1
7/26/2020 14:45,18.23,1
7/26/2020 15:00,18.32,2
7/26/2020 15:15,18.32,4
7/26/2020 15:30,18.44,3
7/26/2020 15:45,18.49,3
7/26/2020 16:00,18.49,3
7/26/2020 16:15,18.4,3
7/26/2020 16:30,18.49,2
7/26/2020 16:45,18.44,1
7/26/2020 17:00,18.49,0
7/26/2020 17:15,18.44,0
7/26/2020 17:30,18.44,0
7/26/2020 17:45,18.44,0
7/26/2020 18:00,18.44,0
7/26/2020 18:15,18.44,0
7/26/2020 18:30,18.49,0
7/26/2020 18:45,18.49,0
7/26/2020 19:00,18.49,0
7/26/2020 19:15,18.49,0
7/26/2020 19:30,18.53,0
7/26/2020 19:45,18.53,0
7/26/2020 20:00,18.53,0
7/26/2020 20:15,18.57,0
7/26/2020 20:30,18.57,0
7/26/2020 20:45,18.66,0
7/26/2020 21:00,18.66,0
7/26/2020 21:15,18.66,0
7/26/2020 21:30,18.66,0
7/26/2020 21:45,18.66,0
7/26/2020 22:00,18.74,0
7/26/2020 22:15,18.74,0
7/26/2020 22:30,18.74,0
7/26/2020 22:45,18.74,0
7/26/2020 23:00,18.79,0
7/26/2020 23:15,18.74,0
7/26/2020 23:30,18.83,0
7/26/2020 23:45,18.83,0
7/27/2020 0:00,18.83,0
7/27/2020 0:15,18.83,0
7/27/2020 0:30,18.83,0
7/27/2020 0:45,18.87,0
7/27/2020 1:00,18.87,0
7/27/2020 1:15,18.92,0
7/27/2020 1:30,18.92,0
7/27/2020 1:45,18.87,0
7/27/2020 2:00,18.92,0
7/27/2020 2:15,18.92,0
7/27/2020 2:30,18.96,0
7/27/2020 2:45,18.96,0
7/27/2020 3:00,18.96,0
7/27/2020 3:15,18.92,0
7/27/2020 3:30,18.96,0
7/27/2020 3:45,19,0
7/27/2020 4:00,18.92,0
7/27/2020 4:15,18.96,0
7/27/2020 4:30,18.96,0
7/27/2020 4:45,18.92,0
7/27/2020 5:00,18.92,0
7/27/2020 5:15,18.96,0
7/27/2020 5:30,18.92,0
7/27/2020 5:45,18.92,0
7/27/2020 6:00,18.87,0
7/27/2020 6:15,18.87,0
7/27/2020 6:30,18.87,0
7/27/2020 6:45,18.92,0
7/27/2020 7:00,18.87,0
7/27/2020 7:15,18.87,0
7/27/2020 7:30,18.83,0
7/27/2020 7:45,18.83,0
7/27/2020 8:00,18.79,0
7/27/2020 8:15,18.79,0
7/27/2020 8:30,18.79,0
7/27/2020 8:45,18.83,0
7/27/2020 9:00,18.79,0
7/27/2020 9:15,18.79,0
7/27/2020 9:30,18.74,0
7/27/2020 9:45,18.74,0
7/27/2020 10:00,18.74,0
7/27/2020 10:15,18.74,0
7/27/2020 10:30,18.74,1
7/27/2020 10:45,18.7,1
7/27/2020 11:00,18.74,1
7/27/2020 11:15,18.74,1
7/27/2020 11:30,18.74,1
7/27/2020 11:45,18.7,1
7/27/2020 12:00,18.74,1
7/27/2020 12:15,18.79,1
7/27/2020 12:30,18.79,1
7/27/2020 12:45,18.83,1
7/27/2020 13:00,18.83,1
7/27/2020 13:15,18.87,1
7/27/2020 13:30,18.87,1
7/27/2020 13:45,18.92,1
7/27/2020 14:00,18.92,1
7/27/2020 14:15,19,1
7/27/2020 14:30,19,1
7/27/2020 14:45,19,1
7/27/2020 15:00,19.04,1
7/27/2020 15:15,19.09,2
7/27/2020 15:30,19.09,3
7/27/2020 15:45,19.17,1
7/27/2020 16:00,19.17,2
7/27/2020 16:15,19.17,2
7/27/2020 16:30,19.13,2
7/27/2020 16:45,19.13,1
7/27/2020 17:00,19.13,0
7/27/2020 17:15,19.09,0
7/27/2020 17:30,19.09,0
7/27/2020 17:45,19.17,0
7/27/2020 18:00,19.17,0
7/27/2020 18:15,19.17,0
7/27/2020 18:30,19.17,0
7/27/2020 18:45,19.17,0
7/27/2020 19:00,19.22,0
7/27/2020 19:15,19.17,0
7/27/2020 19:30,19.17,0
7/27/2020 19:45,19.22,0
7/27/2020 20:00,19.22,0
7/27/2020 20:15,19.22,0
7/27/2020 20:30,19.22,0
7/27/2020 20:45,19.22,0
7/27/2020 21:00,19.26,0
7/27/2020 21:15,19.22,0
7/27/2020 21:30,19.26,0
7/27/2020 21:45,19.22,0
7/27/2020 22:00,19.26,0
7/27/2020 22:15,19.26,0
7/27/2020 22:30,19.3,0
7/27/2020 22:45,19.3,0
7/27/2020 23:00,19.26,0
7/27/2020 23:15,19.35,0
7/27/2020 23:30,19.3,0
7/27/2020 23:45,19.35,0
7/28/2020 0:00,19.3,0
7/28/2020 0:15,19.3,0
7/28/2020 0:30,19.35,0
7/28/2020 0:45,19.35,0
7/28/2020 1:00,19.35,0
7/28/2020 1:15,19.35,0
7/28/2020 1:30,19.35,0
7/28/2020 1:45,19.39,0
7/28/2020 2:00,19.35,0
7/28/2020 2:15,19.39,0
7/28/2020 2:30,19.35,0
7/28/2020 2:45,19.39,0
7/28/2020 3:00,19.35,0
7/28/2020 3:15,19.35,0
7/28/2020 3:30,19.3,0
7/28/2020 3:45,19.3,0
7/28/2020 4:00,19.3,0
7/28/2020 4:15,19.35,0
7/28/2020 4:30,19.3,0
7/28/2020 4:45,19.3,0
7/28/2020 5:00,19.26,0
7/28/2020 5:15,19.26,0
7/28/2020 5:30,19.26,0
7/28/2020 5:45,19.26,0
7/28/2020 6:00,19.22,0
7/28/2020 6:15,19.22,0
7/28/2020 6:30,19.22,0
7/28/2020 6:45,19.17,0
7/28/2020 7:00,19.22,0
7/28/2020 7:15,19.17,0
7/28/2020 7:30,19.17,0
7/28/2020 7:45,19.09,0
7/28/2020 8:00,19.13,0
7/28/2020 8:15,19.09,0
7/28/2020 8:30,19.09,0
7/28/2020 8:45,19.04,0
7/28/2020 9:00,19.04,0
7/28/2020 9:15,19.04,0
7/28/2020 9:30,19.04,0
7/28/2020 9:45,19.04,0
7/28/2020 10:00,19,0
7/28/2020 10:15,19,0
7/28/2020 10:30,19,0
7/28/2020 10:45,19,0
7/28/2020 11:00,19,0
7/28/2020 11:15,18.96,0
7/28/2020 11:30,19,1
7/28/2020 11:45,19.04,1
7/28/2020 11:50, , 
7/28/2020 11:50, , 
7/28/2020 11:50, , 
7/28/2020 11:50, , 
7/28/2020 11:50, , 
7/28/2020 11:50, , 
7/28/2020 11:50, , 
7/28/2020 11:50, , 
7/28/2020 11:50, , 
7/28/2020 11:50, , 
7/28/2020 11:50, , 
7/28/2020 11:50, , 
7/28/2020 11:50, , 
7/28/2020 11:50, , 
7/28/2020 11:50, , 
7/28/2020 11:50, , 
7/28/2020 11:51, , 
7/28/2020 11:51, , 
7/28/2020 11:51, , 
7/28/2020 11:51, , 
7/28/2020 11:51, , 
7/28/2020 11:51, , 
7/28/2020 11:51, , 
7/28/2020 11:51, , 
7/28/2020 11:51, , 
7/28/2020 11:51, , 
7/28/2020 11:51, , 
7/28/2020 11:51, , 
7/28/2020 11:51, , 
7/28/2020 11:51, , 
7/28/2020 11:51, , 
7/28/2020 11:51, , 
7/28/2020 11:51, , 
7/28/2020 11:51, , 
7/28/2020 11:51, , 
7/28/2020 12:00,19.13,12
7/28/2020 12:15,19.95,81
7/28/2020 12:30,22.61,33
7/28/2020 12:45,23.68,5
7/28/2020 13:00,24.41,3
7/28/2020 13:15,25.57,6
7/28/2020 13:30,25.57,205
7/28/2020 13:45,25.31,2
7/28/2020 14:00,24.88,3
7/28/2020 14:15,25.35,0
7/28/2020 14:30,26.04,0
7/28/2020 14:45,25.87,26
7/28/2020 15:00,26.85,0
7/28/2020 15:15,27.32,2
7/28/2020 15:30,27.37,0
7/28/2020 15:45,25.78,0
7/28/2020 16:00,25.18,0
7/28/2020 16:15,25.69,3
7/28/2020 16:30,26.51,0
7/28/2020 16:45,27.32,0
7/28/2020 17:00,28.27,0
7/28/2020 17:15,28.78,0
7/28/2020 17:30,28.87,8
7/28/2020 17:45,29.13,0
7/28/2020 18:00,29.73,0
7/28/2020 18:15,29.6,0
7/28/2020 18:30,29,0
7/28/2020 18:45,28.4,0
7/28/2020 19:00,27.84,0
7/28/2020 19:15,27.37,0
7/28/2020 19:30,26.94,0
7/28/2020 19:45,26.77,0
7/28/2020 20:00,26.77,0
7/28/2020 20:15,26.68,0
7/28/2020 20:30,26.25,0
7/28/2020 20:45,25.69,0
7/28/2020 21:00,25.05,0
7/28/2020 21:15,24.36,0
7/28/2020 21:30,23.72,0
7/28/2020 21:45,23.51,0
7/28/2020 22:00,23.68,0
7/28/2020 22:15,23.89,0
7/28/2020 22:30,23.76,0
7/28/2020 22:45,23.59,0
7/28/2020 23:00,23.72,0
7/28/2020 23:15,23.89,0
7/28/2020 23:30,24.06,0
7/28/2020 23:45,24.32,0
7/29/2020 0:00,24.49,0
7/29/2020 0:15,24.66,0
7/29/2020 0:30,24.58,0
7/29/2020 0:45,24.19,0
7/29/2020 1:00,23.72,0
7/29/2020 1:15,23.25,0
7/29/2020 1:30,22.78,0
7/29/2020 1:45,22.48,0
7/29/2020 2:00,22.26,0
7/29/2020 2:15,21.96,0
7/29/2020 2:30,21.66,0
7/29/2020 2:45,21.36,0
7/29/2020 3:00,21.06,0
7/29/2020 3:15,20.76,0
7/29/2020 3:30,20.46,0
7/29/2020 3:45,20.2,0
7/29/2020 4:00,19.95,0
7/29/2020 4:15,19.65,0
7/29/2020 4:30,19.35,0
7/29/2020 4:45,19.09,0
7/29/2020 5:00,18.87,0
7/29/2020 5:15,18.62,0
7/29/2020 5:30,18.4,0
7/29/2020 5:45,18.19,0
7/29/2020 6:00,18.02,0
7/29/2020 6:15,17.76,0
7/29/2020 6:30,17.63,0
7/29/2020 6:45,17.46,0
7/29/2020 7:00,17.33,0
7/29/2020 7:15,17.24,0
7/29/2020 7:30,17.16,0
7/29/2020 7:45,17.07,0
7/29/2020 8:00,16.99,0
7/29/2020 8:15,16.94,0
7/29/2020 8:30,16.9,0
7/29/2020 8:45,16.94,0
7/29/2020 9:00,16.99,0
7/29/2020 9:15,17.03,0
7/29/2020 9:30,17.07,0
7/29/2020 9:45,17.16,0
7/29/2020 10:00,17.29,0
7/29/2020 10:15,17.41,0
7/29/2020 10:30,17.63,0
7/29/2020 10:45,17.84,1
7/29/2020 11:00,18.19,1
7/29/2020 11:15,18.62,0
7/29/2020 11:30,19.04,0
7/29/2020 11:45,19.56,0
7/29/2020 12:00,20.07,0
7/29/2020 12:15,20.59,0
7/29/2020 12:30,21.19,0
7/29/2020 12:45,21.83,0
7/29/2020 13:00,22.43,0
7/29/2020 13:15,23.12,0
7/29/2020 13:30,23.81,1
7/29/2020 13:45,24.58,1
7/29/2020 14:00,25.31,1
7/29/2020 14:15,25.95,1
7/29/2020 14:30,25.91,1
7/29/2020 14:45,25.44,1
7/29/2020 15:00,24.97,15
7/29/2020 15:15,24.71,14
7/29/2020 15:30,24.54,14
7/29/2020 15:45,24.45,15
7/29/2020 16:00,24.28,16
7/29/2020 16:15,24.24,7
7/29/2020 16:30,24.41,7
7/29/2020 16:45,24.58,6
7/29/2020 17:00,24.62,2
7/29/2020 17:15,24.24,0
7/29/2020 17:30,23.94,0
7/29/2020 17:45,23.94,0
7/29/2020 18:00,24.02,0
7/29/2020 18:15,24.02,0
7/29/2020 18:30,23.98,0
7/29/2020 18:45,23.98,0
7/29/2020 19:00,23.98,0
7/29/2020 19:15,24.06,0
7/29/2020 19:30,24.15,0
7/29/2020 19:45,24.24,0
7/29/2020 20:00,24.28,0
7/29/2020 20:15,24.28,0
7/29/2020 20:30,24.24,0
7/29/2020 20:45,24.24,0
7/29/2020 21:00,24.24,0
7/29/2020 21:15,24.19,0
7/29/2020 21:30,24.19,0
7/29/2020 21:45,24.15,0
7/29/2020 22:00,23.98,0
7/29/2020 22:15,23.85,0
7/29/2020 22:30,23.68,0
7/29/2020 22:45,23.55,0
7/29/2020 23:00,23.42,0
7/29/2020 23:15,23.29,0
7/29/2020 23:30,23.08,0
7/29/2020 23:45,22.99,0
7/30/2020 0:00,22.91,0
7/30/2020 0:15,22.69,0
7/30/2020 0:30,22.61,0
7/30/2020 0:45,22.48,0
7/30/2020 1:00,22.31,0
7/30/2020 1:15,22.22,0
7/30/2020 1:30,22.01,0
7/30/2020 1:45,21.88,0
7/30/2020 2:00,21.75,0
7/30/2020 2:15,21.53,0
7/30/2020 2:30,21.45,0
7/30/2020 2:45,21.28,0
7/30/2020 3:00,21.15,0
7/30/2020 3:15,21.02,0
7/30/2020 3:30,20.85,0
7/30/2020 3:45,20.76,0
7/30/2020 4:00,20.59,0
7/30/2020 4:15,20.5,0
7/30/2020 4:30,20.37,0
7/30/2020 4:45,20.33,0
7/30/2020 5:00,20.2,0
7/30/2020 5:15,20.16,0
7/30/2020 5:30,20.07,0
7/30/2020 5:45,19.99,0
7/30/2020 6:00,19.9,0
7/30/2020 6:15,19.82,0
7/30/2020 6:30,19.73,0
7/30/2020 6:45,19.6,0
7/30/2020 7:00,19.56,0
7/30/2020 7:15,19.52,0
7/30/2020 7:30,19.39,0
7/30/2020 7:45,19.39,0
7/30/2020 8:00,19.3,0
7/30/2020 8:15,19.17,0
7/30/2020 8:30,19.13,0
7/30/2020 8:45,19.04,0
7/30/2020 9:00,19,0
7/30/2020 9:15,18.96,0
7/30/2020 9:30,18.87,0
7/30/2020 9:45,18.83,0
7/30/2020 10:00,18.79,0
7/30/2020 10:15,18.7,0
7/30/2020 10:30,18.7,0
7/30/2020 10:45,18.66,0
7/30/2020 11:00,18.62,0
7/30/2020 11:15,18.62,0
7/30/2020 11:30,18.57,0
7/30/2020 11:45,18.57,0
7/30/2020 12:00,18.57,0
7/30/2020 12:15,18.57,0
7/30/2020 12:30,18.66,0
7/30/2020 12:45,18.7,0
7/30/2020 13:00,18.79,0
7/30/2020 13:15,18.79,0
7/30/2020 13:30,18.87,0
7/30/2020 13:45,18.92,0
7/30/2020 14:00,18.96,0
7/30/2020 14:15,19,0
7/30/2020 14:30,19.13,0
7/30/2020 14:45,19.17,0
7/30/2020 15:00,19.3,0
7/30/2020 15:15,19.39,0
7/30/2020 15:30,19.43,0
7/30/2020 15:45,19.6,0
7/30/2020 16:00,19.73,0
7/30/2020 16:15,19.9,0
7/30/2020 16:30,20.12,0
7/30/2020 16:45,20.29,0
7/30/2020 17:00,20.46,0
7/30/2020 17:15,20.68,0
7/30/2020 17:30,20.89,0
7/30/2020 17:45,21.1,0
7/30/2020 18:00,21.32,0
7/30/2020 18:15,21.53,0
7/30/2020 18:30,21.7,0
7/30/2020 18:45,21.96,0
7/30/2020 19:00,22.13,0
7/30/2020 19:15,22.31,0
7/30/2020 19:30,22.52,0
7/30/2020 19:45,22.69,0
7/30/2020 20:00,22.86,0
7/30/2020 20:15,22.91,0
7/30/2020 20:30,23.03,0
7/30/2020 20:45,23.08,0
7/30/2020 21:00,23.16,0
7/30/2020 21:15,23.16,0
7/30/2020 21:30,23.21,0
7/30/2020 21:45,23.21,0
7/30/2020 22:00,23.16,0
7/30/2020 22:15,23.16,0
7/30/2020 22:30,23.08,0
7/30/2020 22:45,22.99,0
7/30/2020 23:00,22.95,0
7/30/2020 23:15,22.86,0
7/30/2020 23:30,22.78,0
7/30/2020 23:45,22.69,0
7/31/2020 0:00,22.65,0
7/31/2020 0:15,22.52,0
7/31/2020 0:30,22.39,0
7/31/2020 0:45,22.31,0
7/31/2020 1:00,22.22,0
7/31/2020 1:15,22.13,0
7/31/2020 1:30,22.05,0
7/31/2020 1:45,21.92,0
7/31/2020 2:00,21.79,0
7/31/2020 2:15,21.7,0
7/31/2020 2:30,21.62,0
7/31/2020 2:45,21.49,0
7/31/2020 3:00,21.4,0
7/31/2020 3:15,21.28,0
7/31/2020 3:30,21.23,0
7/31/2020 3:45,21.06,0
7/31/2020 4:00,21.02,0
7/31/2020 4:15,20.89,0
7/31/2020 4:30,20.76,0
7/31/2020 4:45,20.63,0
7/31/2020 5:00,20.59,0
7/31/2020 5:15,20.46,0
7/31/2020 5:30,20.37,0
7/31/2020 5:45,20.29,0
7/31/2020 6:00,20.25,0
7/31/2020 6:15,20.12,0
7/31/2020 6:30,20.03,0
7/31/2020 6:45,19.99,0
7/31/2020 7:00,19.9,0
7/31/2020 7:15,19.82,0
7/31/2020 7:30,19.73,0
7/31/2020 7:45,19.6,0
7/31/2020 8:00,19.6,0
7/31/2020 8:15,19.47,0
7/31/2020 8:30,19.43,0
7/31/2020 8:45,19.35,0
7/31/2020 9:00,19.35,0
7/31/2020 9:15,19.26,0
7/31/2020 9:30,19.26,0
7/31/2020 9:45,19.17,0
7/31/2020 10:00,19.13,0
7/31/2020 10:15,19.13,0
7/31/2020 10:30,19.04,0
7/31/2020 10:45,19.09,0
7/31/2020 11:00,19.13,0
7/31/2020 11:15,19.13,0
7/31/2020 11:30,19.17,0
7/31/2020 11:45,19.22,0
7/31/2020 12:00,19.22,0
7/31/2020 12:15,19.26,0
7/31/2020 12:30,19.3,0
7/31/2020 12:45,19.39,0
7/31/2020 13:00,19.43,0
7/31/2020 13:15,19.52,0
7/31/2020 13:30,19.52,0
7/31/2020 13:45,19.65,0
7/31/2020 14:00,19.69,0
7/31/2020 14:15,19.82,0
7/31/2020 14:30,19.86,0
7/31/2020 14:45,19.95,0
7/31/2020 15:00,20.07,0
7/31/2020 15:15,20.16,0
7/31/2020 15:30,20.29,0
7/31/2020 15:45,20.42,0
7/31/2020 16:00,20.55,0
7/31/2020 16:15,20.72,0
7/31/2020 16:30,20.98,0
7/31/2020 16:45,21.1,0
7/31/2020 17:00,21.36,0
7/31/2020 17:15,21.58,0
7/31/2020 17:30,21.75,0
7/31/2020 17:45,22.01,0
7/31/2020 18:00,22.22,0
7/31/2020 18:15,22.48,0
7/31/2020 18:30,22.73,0
7/31/2020 18:45,22.95,0
7/31/2020 19:00,23.16,0
7/31/2020 19:15,23.42,0
7/31/2020 19:30,23.64,0
7/31/2020 19:45,23.85,0
7/31/2020 20:00,23.98,0
7/31/2020 20:15,24.11,0
7/31/2020 20:30,24.28,0
7/31/2020 20:45,24.36,0
7/31/2020 21:00,24.54,0
7/31/2020 21:15,24.54,0
7/31/2020 21:30,24.41,0
7/31/2020 21:45,24.15,0
7/31/2020 22:00,24.06,0
7/31/2020 22:15,24.06,0
7/31/2020 22:30,23.98,0
7/31/2020 22:45,23.94,0
7/31/2020 23:00,23.85,0
7/31/2020 23:15,23.76,0
7/31/2020 23:30,23.64,0
7/31/2020 23:45,23.46,0
8/1/2020 0:00,23.34,0
8/1/2020 0:15,23.21,0
8/1/2020 0:30,23.08,0
8/1/2020 0:45,22.95,0
8/1/2020 1:00,22.78,0
8/1/2020 1:15,22.65,0
8/1/2020 1:30,22.52,0
8/1/2020 1:45,22.39,0
8/1/2020 2:00,22.26,0
8/1/2020 2:15,22.13,0
8/1/2020 2:30,22.05,0
8/1/2020 2:45,21.92,0
8/1/2020 3:00,21.79,0
8/1/2020 3:15,21.62,0
8/1/2020 3:30,21.53,0
8/1/2020 3:45,21.4,0
8/1/2020 4:00,21.32,0
8/1/2020 4:15,21.19,0
8/1/2020 4:30,21.1,0
8/1/2020 4:45,20.98,0
8/1/2020 5:00,20.85,0
8/1/2020 5:15,20.76,0
8/1/2020 5:30,20.68,0
8/1/2020 5:45,20.55,0
8/1/2020 6:00,20.46,0
8/1/2020 6:15,20.37,0
8/1/2020 6:30,20.29,0
8/1/2020 6:45,20.25,0
8/1/2020 7:00,20.07,0
8/1/2020 7:15,20.03,0
8/1/2020 7:30,19.99,0
8/1/2020 7:45,19.95,0
8/1/2020 8:00,19.86,0
8/1/2020 8:15,19.77,0
8/1/2020 8:30,19.77,0
8/1/2020 8:45,19.69,0
8/1/2020 9:00,19.65,0
8/1/2020 9:15,19.65,0
8/1/2020 9:30,19.56,0
8/1/2020 9:45,19.56,0
8/1/2020 10:00,19.52,0
8/1/2020 10:15,19.52,0
8/1/2020 10:30,19.47,0
8/1/2020 10:45,19.52,0
8/1/2020 11:00,19.47,0
8/1/2020 11:15,19.52,0
8/1/2020 11:30,19.52,0
8/1/2020 11:45,19.56,0
8/1/2020 12:00,19.6,0
8/1/2020 12:15,19.6,0
8/1/2020 12:30,19.69,0
8/1/2020 12:45,19.73,0
8/1/2020 13:00,19.82,0
8/1/2020 13:15,19.86,0
8/1/2020 13:30,19.99,0
8/1/2020 13:45,20.07,0
8/1/2020 14:00,20.2,0
8/1/2020 14:15,20.29,0
8/1/2020 14:30,20.37,0
8/1/2020 14:45,20.46,0
8/1/2020 15:00,20.59,0
8/1/2020 15:15,20.72,0
8/1/2020 15:30,20.85,0
8/1/2020 15:45,20.98,0
8/1/2020 16:00,21.15,0
8/1/2020 16:15,21.28,0
8/1/2020 16:30,21.49,0
8/1/2020 16:45,21.66,0
8/1/2020 17:00,21.96,0
8/1/2020 17:15,22.26,0
8/1/2020 17:30,22.61,0
8/1/2020 17:45,22.91,0
8/1/2020 18:00,23.21,0
8/1/2020 18:15,23.55,0
8/1/2020 18:30,23.89,0
8/1/2020 18:45,24.19,0
8/1/2020 19:00,24.41,0
8/1/2020 19:15,24.45,0
8/1/2020 19:30,24.41,0
8/1/2020 19:45,24.36,0
8/1/2020 20:00,24.19,0
8/1/2020 20:15,23.89,0
8/1/2020 20:30,23.68,0
8/1/2020 20:45,23.46,0
8/1/2020 21:00,23.08,0
8/1/2020 21:15,23.08,0
8/1/2020 21:30,23.12,0
8/1/2020 21:45,23.16,0
8/1/2020 22:00,23.21,0
8/1/2020 22:15,23.25,0
8/1/2020 22:30,23.25,0
8/1/2020 22:45,23.21,0
8/1/2020 23:00,23.12,0
8/1/2020 23:15,23.12,0
8/1/2020 23:30,22.99,0
8/1/2020 23:45,22.91,0
8/2/2020 0:00,22.82,0
8/2/2020 0:15,22.69,0
8/2/2020 0:30,22.65,0
8/2/2020 0:45,22.48,0
8/2/2020 1:00,22.35,0
8/2/2020 1:15,22.22,0
8/2/2020 1:30,22.09,0
8/2/2020 1:45,22.05,0
8/2/2020 2:00,21.88,0
8/2/2020 2:15,21.7,0
8/2/2020 2:30,21.58,0
8/2/2020 2:45,21.49,0
8/2/2020 3:00,21.4,0
8/2/2020 3:15,21.32,0
8/2/2020 3:30,21.19,0
8/2/2020 3:45,21.1,0
8/2/2020 4:00,20.98,0
8/2/2020 4:15,20.89,0
8/2/2020 4:30,20.76,0
8/2/2020 4:45,20.72,0
8/2/2020 5:00,20.63,0
8/2/2020 5:15,20.5,0
8/2/2020 5:30,20.46,0
8/2/2020 5:45,20.29,0
8/2/2020 6:00,20.25,0
8/2/2020 6:15,20.12,0
8/2/2020 6:30,20.03,0
8/2/2020 6:45,19.99,0
8/2/2020 7:00,19.95,0
8/2/2020 7:15,19.82,0
8/2/2020 7:30,19.69,0
8/2/2020 7:45,19.65,0
8/2/2020 8:00,19.52,0
8/2/2020 8:15,19.47,0
8/2/2020 8:30,19.47,0
8/2/2020 8:45,19.43,0
8/2/2020 9:00,19.35,0
8/2/2020 9:15,19.3,0
8/2/2020 9:30,19.35,0
8/2/2020 9:45,19.3,0
8/2/2020 10:00,19.35,0
8/2/2020 10:15,19.39,0
8/2/2020 10:30,19.35,0
8/2/2020 10:45,19.35,0
8/2/2020 11:00,19.35,0
8/2/2020 11:15,19.35,0
8/2/2020 11:30,19.39,0
8/2/2020 11:45,19.39,0
8/2/2020 12:00,19.43,0
8/2/2020 12:15,19.52,0
8/2/2020 12:30,19.56,0
8/2/2020 12:45,19.65,0
8/2/2020 13:00,19.73,0
8/2/2020 13:15,19.77,0
8/2/2020 13:30,19.86,0
8/2/2020 13:45,19.99,0
8/2/2020 14:00,20.12,0
8/2/2020 14:15,20.2,0
8/2/2020 14:30,20.33,0
8/2/2020 14:45,20.42,0
8/2/2020 15:00,20.5,0
8/2/2020 15:15,20.63,0
8/2/2020 15:30,20.8,0
8/2/2020 15:45,20.93,0
8/2/2020 16:00,21.1,0
8/2/2020 16:15,21.23,0
8/2/2020 16:30,21.4,0
8/2/2020 16:45,21.58,0
8/2/2020 17:00,21.79,0
8/2/2020 17:15,21.92,0
8/2/2020 17:30,22.13,0
8/2/2020 17:45,22.31,0
8/2/2020 18:00,22.52,0
8/2/2020 18:15,22.69,0
8/2/2020 18:30,22.91,0
8/2/2020 18:45,23.08,0
8/2/2020 19:00,23.34,0
8/2/2020 19:15,23.59,0
8/2/2020 19:30,23.76,0
8/2/2020 19:45,23.94,0
8/2/2020 20:00,24.11,0
8/2/2020 20:15,24.24,0
8/2/2020 20:30,24.24,0
8/2/2020 20:45,24.32,0
8/2/2020 21:00,24.36,0
8/2/2020 21:15,24.36,0
8/2/2020 21:30,24.32,0
8/2/2020 21:45,24.32,0
8/2/2020 22:00,24.19,0
8/2/2020 22:15,24.11,0
8/2/2020 22:30,24.06,0
8/2/2020 22:45,24.02,0
8/2/2020 23:00,23.89,0
8/2/2020 23:15,23.81,0
8/2/2020 23:30,23.72,0
8/2/2020 23:45,23.64,0
8/3/2020 0:00,23.55,0
8/3/2020 0:15,23.38,0
8/3/2020 0:30,23.29,0
8/3/2020 0:45,23.12,0
8/3/2020 1:00,22.91,0
8/3/2020 1:15,22.73,0
8/3/2020 1:30,22.61,0
8/3/2020 1:45,22.48,0
8/3/2020 2:00,22.39,0
8/3/2020 2:15,22.22,0
8/3/2020 2:30,22.13,0
8/3/2020 2:45,22.01,0
8/3/2020 3:00,21.92,0
8/3/2020 3:15,21.75,0
8/3/2020 3:30,21.7,0
8/3/2020 3:45,21.53,0
8/3/2020 4:00,21.4,0
8/3/2020 4:15,21.32,0
8/3/2020 4:30,21.19,0
8/3/2020 4:45,21.1,0
8/3/2020 5:00,20.93,0
8/3/2020 5:15,20.85,0
8/3/2020 5:30,20.76,0
8/3/2020 5:45,20.68,0
8/3/2020 6:00,20.55,0
8/3/2020 6:15,20.46,0
8/3/2020 6:30,20.33,0
8/3/2020 6:45,20.25,0
8/3/2020 7:00,20.12,0
8/3/2020 7:15,20.03,0
8/3/2020 7:30,19.95,0
8/3/2020 7:45,19.82,0
8/3/2020 8:00,19.77,0
8/3/2020 8:15,19.73,0
8/3/2020 8:30,19.65,0
8/3/2020 8:45,19.6,0
8/3/2020 9:00,19.6,0
8/3/2020 9:15,19.69,0
8/3/2020 9:30,19.69,0
8/3/2020 9:45,19.73,0
8/3/2020 10:00,19.73,0
8/3/2020 10:15,19.77,0
8/3/2020 10:30,19.82,0
8/3/2020 10:45,19.86,0
8/3/2020 11:00,19.9,0
8/3/2020 11:15,19.99,0
8/3/2020 11:30,20.07,0
8/3/2020 11:45,20.16,0
8/3/2020 12:00,20.29,0
8/3/2020 12:15,20.37,0
8/3/2020 12:30,20.5,0
8/3/2020 12:45,20.63,0
8/3/2020 13:00,20.76,0
8/3/2020 13:15,20.93,0
8/3/2020 13:30,21.19,0
8/3/2020 13:45,21.45,0
8/3/2020 14:00,21.66,0
8/3/2020 14:15,21.83,0
8/3/2020 14:30,21.92,0
8/3/2020 14:45,22.05,0
8/3/2020 15:00,22.18,0
8/3/2020 15:15,22.39,0
8/3/2020 15:30,22.61,0
8/3/2020 15:45,22.86,0
8/3/2020 16:00,23.12,0
8/3/2020 16:15,23.38,0
8/3/2020 16:30,23.68,0
8/3/2020 16:45,23.98,0
8/3/2020 17:00,24.28,0
8/3/2020 17:15,24.66,0
8/3/2020 17:30,24.92,0
8/3/2020 17:45,25.22,0
8/3/2020 18:00,25.48,0
8/3/2020 18:15,25.52,0
8/3/2020 18:30,25.57,0
8/3/2020 18:45,25.57,0
8/3/2020 19:00,25.57,0
8/3/2020 19:15,25.57,0
8/3/2020 19:30,25.52,0
8/3/2020 19:45,25.44,0
8/3/2020 20:00,25.35,0
8/3/2020 20:15,25.35,0
8/3/2020 20:30,25.39,0
8/3/2020 20:45,25.44,0
8/3/2020 21:00,25.44,0
8/3/2020 21:15,25.44,0
8/3/2020 21:30,25.39,0
8/3/2020 21:45,25.27,0
8/3/2020 22:00,25.22,0
8/3/2020 22:15,25.01,0
8/3/2020 22:30,24.88,0
8/3/2020 22:45,24.75,0
8/3/2020 23:00,24.58,0
8/3/2020 23:15,24.45,0
8/3/2020 23:30,24.36,0
8/3/2020 23:45,24.24,0
8/4/2020 0:00,24.11,0
8/4/2020 0:15,24.06,0
8/4/2020 0:30,23.89,0
8/4/2020 0:45,23.76,0
8/4/2020 1:00,23.68,0
8/4/2020 1:15,23.55,0
8/4/2020 1:30,23.42,0
8/4/2020 1:45,23.25,0
8/4/2020 2:00,23.16,0
8/4/2020 2:15,23.03,0
8/4/2020 2:30,22.91,0
8/4/2020 2:45,22.78,0
8/4/2020 3:00,22.69,0
8/4/2020 3:15,22.56,0
8/4/2020 3:30,22.43,0
8/4/2020 3:45,22.39,0
8/4/2020 4:00,22.22,0
8/4/2020 4:15,22.13,0
8/4/2020 4:30,22.01,0
8/4/2020 4:45,21.92,0
8/4/2020 5:00,21.83,0
8/4/2020 5:15,21.7,0
8/4/2020 5:30,21.62,0
8/4/2020 5:45,21.49,0
8/4/2020 6:00,21.45,0
8/4/2020 6:15,21.36,0
8/4/2020 6:30,21.28,0
8/4/2020 6:45,21.28,0
8/4/2020 7:00,21.23,0
8/4/2020 7:15,21.19,0
8/4/2020 7:30,21.15,0
8/4/2020 7:45,21.06,0
8/4/2020 8:00,20.98,0
8/4/2020 8:15,20.98,0
8/4/2020 8:30,20.93,0
8/4/2020 8:45,20.89,0
8/4/2020 9:00,20.93,0
8/4/2020 9:15,20.85,0
8/4/2020 9:30,20.8,0
8/4/2020 9:45,20.8,0
8/4/2020 10:00,20.8,0
8/4/2020 10:15,20.8,0
8/4/2020 10:30,20.85,0
8/4/2020 10:45,21.06,16
8/4/2020 11:00,21.58,7
8/4/2020 11:15,23.21,7
8/4/2020 11:16, , 
8/4/2020 11:16, , 
8/4/2020 11:16, , 
